-- phpMyAdmin SQL Dump
-- version 5.2.0
-- https://www.phpmyadmin.net/
--
-- Host: 127.0.0.1
-- Generation Time: Dec 06, 2022 at 08:03 AM
-- Server version: 10.4.25-MariaDB
-- PHP Version: 8.1.10

SET SQL_MODE = "NO_AUTO_VALUE_ON_ZERO";
START TRANSACTION;
SET time_zone = "+00:00";


/*!40101 SET @OLD_CHARACTER_SET_CLIENT=@@CHARACTER_SET_CLIENT */;
/*!40101 SET @OLD_CHARACTER_SET_RESULTS=@@CHARACTER_SET_RESULTS */;
/*!40101 SET @OLD_COLLATION_CONNECTION=@@COLLATION_CONNECTION */;
/*!40101 SET NAMES utf8mb4 */;

--
-- Database: `u528708661_jeclinicdb`
--

-- --------------------------------------------------------

--
-- Table structure for table `dental_records`
--

CREATE TABLE `dental_records` (
  `dental_id` int(11) NOT NULL,
  `comments` text CHARACTER SET latin1 COLLATE latin1_spanish_ci NOT NULL,
  `canvas_data` longtext CHARACTER SET utf8mb4 COLLATE utf8mb4_bin NOT NULL CHECK (json_valid(`canvas_data`)),
  `member_id` int(11) NOT NULL,
  `tongue` varchar(65) NOT NULL,
  `palate` varchar(65) DEFAULT NULL,
  `tonsils` varchar(65) DEFAULT NULL,
  `lips` varchar(65) DEFAULT NULL,
  `floor_of_mouth` varchar(65) DEFAULT NULL,
  `cheeks` varchar(65) DEFAULT NULL,
  `allergies` varchar(65) DEFAULT NULL,
  `heart_disease` varchar(65) DEFAULT NULL,
  `blood_dyscracia` varchar(65) DEFAULT NULL,
  `diabetes` varchar(65) DEFAULT NULL,
  `kidney` varchar(65) DEFAULT NULL,
  `liver` varchar(65) DEFAULT NULL,
  `hygiene` varchar(65) DEFAULT NULL,
  `others` varchar(65) DEFAULT NULL,
  `date_of_examination` varchar(65) DEFAULT NULL,
  `age_last_birthday` varchar(65) DEFAULT NULL,
  `presence_of_oral_debris` varchar(65) DEFAULT NULL,
  `presence_of_calculus` varchar(65) DEFAULT NULL,
  `presence_of_gingivitis` varchar(65) DEFAULT NULL,
  `presence_of_periodontal_pocket` varchar(65) DEFAULT NULL,
  `presence_of_dentoFacial_anomaly` varchar(65) DEFAULT NULL,
  `use_toothbrush` varchar(65) DEFAULT NULL,
  `caries_indicated_for_filling` varchar(65) DEFAULT NULL,
  `caries_indicated_for_extraction` varchar(65) DEFAULT NULL,
  `root_fragment` varchar(65) DEFAULT NULL,
  `missing_due_to_caries` varchar(65) DEFAULT NULL,
  `filled_or_restored` varchar(65) DEFAULT NULL,
  `total_MDF` varchar(65) DEFAULT NULL,
  `flouride_application` varchar(65) DEFAULT NULL,
  `examiner` varchar(65) DEFAULT NULL
) ENGINE=InnoDB DEFAULT CHARSET=utf8mb4;

--
-- Dumping data for table `dental_records`
--

INSERT INTO `dental_records` (`dental_id`, `comments`, `canvas_data`, `member_id`, `tongue`, `palate`, `tonsils`, `lips`, `floor_of_mouth`, `cheeks`, `allergies`, `heart_disease`, `blood_dyscracia`, `diabetes`, `kidney`, `liver`, `hygiene`, `others`, `date_of_examination`, `age_last_birthday`, `presence_of_oral_debris`, `presence_of_calculus`, `presence_of_gingivitis`, `presence_of_periodontal_pocket`, `presence_of_dentoFacial_anomaly`, `use_toothbrush`, `caries_indicated_for_filling`, `caries_indicated_for_extraction`, `root_fragment`, `missing_due_to_caries`, `filled_or_restored`, `total_MDF`, `flouride_application`, `examiner`) VALUES
(1, 'Lorem Ipsum is simply dummy text of the printing and typesetting industry. Lorem Ipsum has been the industry\'s standard dummy text ever since the 1500s, when an unknown printer took a galley of type and scrambled it to make a type specimen book. It has survived not only five centuries, but also the leap into electronic typesetting, remaining essentially unchanged. It was popularised in the 1960s with the release of Letraset sheets containing Lorem Ipsum passages, and more recently with desktop publishing software like Aldus PageMaker including versions of Lorem Ipsum.', '{\"version\":\"5.2.1\",\"objects\":[{\"type\":\"image\",\"version\":\"5.2.1\",\"originX\":\"left\",\"originY\":\"top\",\"left\":110,\"top\":101,\"width\":881,\"height\":448,\"fill\":\"rgb(0,0,0)\",\"stroke\":1,\"strokeWidth\":0,\"strokeDashArray\":[5,5],\"strokeLineCap\":\"butt\",\"strokeDashOffset\":0,\"strokeLineJoin\":\"miter\",\"strokeUniform\":false,\"strokeMiterLimit\":4,\"scaleX\":0.74,\"scaleY\":1,\"angle\":0,\"flipX\":false,\"flipY\":false,\"opacity\":1,\"shadow\":null,\"visible\":true,\"backgroundColor\":\"\",\"fillRule\":\"nonzero\",\"paintFirst\":\"fill\",\"globalCompositeOperation\":\"source-over\",\"skewX\":0,\"skewY\":0,\"erasable\":false,\"cropX\":0,\"cropY\":0,\"src\":\"http://jeguardamanodentalclinic.website/img/dental_diagram.png\",\"crossOrigin\":null,\"filters\":[]},{\"type\":\"path\",\"version\":\"5.2.1\",\"originX\":\"left\",\"originY\":\"top\",\"left\":166.82,\"top\":173.19,\"width\":30.99,\"height\":20.99,\"fill\":null,\"stroke\":\"#000000\",\"strokeWidth\":15,\"strokeDashArray\":null,\"strokeLineCap\":\"round\",\"strokeDashOffset\":0,\"strokeLineJoin\":\"round\",\"strokeUniform\":false,\"strokeMiterLimit\":10,\"scaleX\":1,\"scaleY\":1,\"angle\":0,\"flipX\":false,\"flipY\":false,\"opacity\":1,\"shadow\":null,\"visible\":true,\"backgroundColor\":\"\",\"fillRule\":\"nonzero\",\"paintFirst\":\"fill\",\"globalCompositeOperation\":\"source-over\",\"skewX\":0,\"skewY\":0,\"erasable\":true,\"eraser\":{\"type\":\"eraser\",\"version\":\"5.2.1\",\"originX\":\"center\",\"originY\":\"center\",\"left\":0,\"top\":0,\"width\":45.99,\"height\":35.99,\"fill\":\"rgb(0,0,0)\",\"stroke\":null,\"strokeWidth\":0,\"strokeDashArray\":null,\"strokeLineCap\":\"butt\",\"strokeDashOffset\":0,\"strokeLineJoin\":\"miter\",\"strokeUniform\":false,\"strokeMiterLimit\":4,\"scaleX\":1,\"scaleY\":1,\"angle\":0,\"flipX\":false,\"flipY\":false,\"opacity\":1,\"shadow\":null,\"visible\":true,\"backgroundColor\":\"\",\"fillRule\":\"nonzero\",\"paintFirst\":\"fill\",\"globalCompositeOperation\":\"source-over\",\"skewX\":0,\"skewY\":0,\"erasable\":true,\"objects\":[{\"type\":\"path\",\"version\":\"5.2.1\",\"originX\":\"left\",\"originY\":\"top\",\"left\":-32,\"top\":-37.98,\"width\":42,\"height\":50.97,\"fill\":null,\"stroke\":\"black\",\"strokeWidth\":15,\"strokeDashArray\":null,\"strokeLineCap\":\"round\",\"strokeDashOffset\":0,\"strokeLineJoin\":\"round\",\"strokeUniform\":false,\"strokeMiterLimit\":10,\"scaleX\":1,\"scaleY\":1,\"angle\":0,\"flipX\":false,\"flipY\":false,\"opacity\":1,\"shadow\":null,\"visible\":true,\"backgroundColor\":\"\",\"fillRule\":\"nonzero\",\"paintFirst\":\"fill\",\"globalCompositeOperation\":\"destination-out\",\"skewX\":0,\"skewY\":0,\"erasable\":true,\"path\":[[\"M\",165.3089479222791,192.69634164663458],[\"Q\",165.32394792227907,192.6813416466346,165.82371803722162,192.6813416466346],[\"Q\",166.32348815216415,192.6813416466346,171.32118930158944,191.18226472355767],[\"Q\",176.31889045101474,189.68318780048074,179.81728125561244,189.68318780048074],[\"Q\",183.31567206021012,189.68318780048074,186.3142927498653,189.18349549278844],[\"Q\",189.31291343952049,188.68380318509617,192.81130424411816,188.68380318509617],[\"Q\",196.30969504871587,188.68380318509617,198.80854562342853,188.68380318509617],[\"Q\",201.30739619814116,188.68380318509617,203.30647665791128,189.18349549278844],[\"Q\",205.3055571176814,189.68318780048074,206.30509734756646,190.18288010817304],[\"Q\",207.30463757745153,190.68257241586537,207.30463757745153,191.18226472355767],[\"Q\",207.30463757745153,191.68195703124996,207.30463757745153,192.6813416466346],[\"Q\",207.30463757745153,193.68072626201922,206.30509734756646,195.67949549278845],[\"Q\",205.3055571176814,197.67826472355767,204.30601688779632,199.6770339543269],[\"Q\",203.30647665791128,201.67580318509613,199.30831573837105,205.1736493389423],[\"Q\",195.3101548188308,208.67149549278847,192.31153412917564,209.6708801081731],[\"Q\",189.31291343952049,210.6702647235577,186.81406286480785,211.16995703125],[\"Q\",184.3152122900952,211.6696493389423,182.8159019452676,211.6696493389423],[\"Q\",181.31659160044,211.6696493389423,179.81728125561244,211.6696493389423],[\"Q\",178.31797091078485,211.6696493389423,177.81820079584233,211.6696493389423],[\"Q\",177.3184306808998,211.6696493389423,176.81866056595726,211.6696493389423],[\"Q\",176.31889045101474,211.6696493389423,175.81912033607222,211.6696493389423],[\"Q\",175.31935022112967,211.6696493389423,175.31935022112967,210.6702647235577],[\"Q\",175.31935022112967,209.67088010817307,176.31889045101474,205.67334164663458],[\"Q\",177.3184306808998,201.67580318509613,179.81728125561244,197.67826472355767],[\"Q\",182.31613183032508,193.68072626201922,185.81452263492278,189.68318780048077],[\"Q\",189.31291343952049,185.6856493389423,191.81176401423312,183.68688010817306],[\"Q\",194.31061458894578,181.68811087740383,197.8090053935435,181.18841856971153],[\"Q\",201.30739619814116,180.68872626201923,202.80670654296875,180.68872626201923],[\"Q\",204.30601688779635,180.68872626201923,204.80578700273887,181.18841856971153],[\"Q\",205.3055571176814,181.68811087740383,205.3055571176814,183.68688010817306],[\"Q\",205.3055571176814,185.6856493389423,205.3055571176814,187.6844185697115],[\"Q\",205.3055571176814,189.68318780048074,204.80578700273887,191.68195703124996],[\"Q\",204.30601688779635,193.68072626201922,201.8071663130837,196.17918780048075],[\"Q\",199.30831573837105,198.6776493389423,195.80992493377335,200.1767262620192],[\"Q\",192.31153412917567,201.67580318509613,188.81314332457794,202.17549549278846],[\"Q\",185.31475251998023,202.67518780048076,182.81590194526757,202.67518780048076],[\"Q\",180.31705137055494,202.67518780048076,177.8182007958423,201.17611087740383],[\"Q\",175.31935022112967,199.6770339543269,174.3198099912446,197.17857241586535],[\"Q\",173.32026976135955,194.68011087740382,171.32118930158944,191.68195703125],[\"Q\",169.32210884181933,188.68380318509617,169.32210884181933,186.6850339543269],[\"Q\",169.32210884181933,184.68626472355768,169.32210884181933,182.18780318509613],[\"Q\",169.32210884181933,179.6893416466346,181.81636171538256,170.69488010817304],[\"Q\",194.31061458894578,161.7004185697115,196.80946516365842,161.2007262620192],[\"Q\",199.30831573837105,160.70103395432693,200.3078559682561,160.70103395432693],[\"Q\",201.30739619814116,160.70103395432693,201.8071663130837,160.70103395432693],[\"Q\",202.30693642802623,160.70103395432693,202.30693642802623,161.2007262620192],[\"Q\",202.30693642802623,161.7004185697115,202.30693642802623,163.69918780048073],[\"Q\",202.30693642802623,165.69795703124998,201.30739619814116,168.69611087740384],[\"Q\",200.3078559682561,171.69426472355767,196.30969504871587,174.69241856971152],[\"Q\",192.31153412917567,177.69057241586538,187.8136030946929,180.68872626201923],[\"Q\",183.31567206021012,183.68688010817309,179.3175111406699,185.18595703124998],[\"Q\",175.31935022112967,186.68503395432688,173.82003987630208,187.6844185697115],[\"Q\",172.3207295314745,188.68380318509617,170.82141918664692,188.68380318509617],[\"Q\",169.32210884181933,188.68380318509617,168.8223387268768,188.68380318509617],[\"Q\",168.32256861193426,188.68380318509617,167.82279849699174,188.68380318509617],[\"Q\",167.32302838204922,188.68380318509617,167.32302838204922,187.18472626201924],[\"Q\",167.32302838204922,185.6856493389423,167.82279849699174,183.18718780048079],[\"Q\",168.32256861193426,180.68872626201923,170.8214191866469,178.19026472355768],[\"Q\",173.32026976135955,175.69180318509615,175.81912033607222,174.69241856971155],[\"Q\",178.31797091078485,173.69303395432692,181.31659160044,172.6936493389423],[\"Q\",184.3152122900952,171.69426472355767,185.31475251998023,171.69426472355767],[\"Q\",186.3142927498653,171.69426472355767,187.31383297975037,171.69426472355767],[\"Q\",188.31337320963542,171.69426472355767,188.81314332457794,171.69426472355767],[\"Q\",189.31291343952049,171.69426472355767,189.31291343952049,172.6936493389423],[\"Q\",189.31291343952049,173.69303395432692,189.812683554463,174.19272626201922],[\"Q\",190.31245366940553,174.69241856971152,190.81222378434808,176.19149549278845],[\"Q\",191.3119938992906,177.69057241586538,191.81176401423312,177.69057241586538],[\"Q\",192.31153412917567,177.69057241586538,192.8113042441182,178.68995703125],[\"Q\",193.3110743590607,179.6893416466346,193.3110743590607,180.18903395432693],[\"Q\",193.3110743590607,180.68872626201923,193.81084447400326,180.18903395432693],[\"Q\",194.31061458894578,179.6893416466346,194.8103847038883,179.1896493389423],[\"Q\",195.3101548188308,178.68995703125,198.30877550848598,175.19211087740382],[\"L\",201.32239619814115,171.67926472355768]]}]},\"path\":[[\"M\",198.30877550848598,183.70188010817307],[\"Q\",198.30877550848598,183.68688010817309,197.80900539354346,183.18718780048079],[\"Q\",197.30923527860094,182.68749549278846,197.30923527860094,182.18780318509613],[\"Q\",197.30923527860094,181.68811087740383,196.8094651636584,181.68811087740383],[\"Q\",196.30969504871587,181.68811087740383,195.80992493377335,181.68811087740383],[\"Q\",195.3101548188308,181.68811087740383,194.31061458894575,181.68811087740383],[\"Q\",193.3110743590607,181.68811087740383,192.31153412917564,181.18841856971153],[\"Q\",191.3119938992906,180.68872626201923,190.31245366940556,180.68872626201923],[\"Q\",189.31291343952049,180.68872626201923,188.31337320963542,180.68872626201923],[\"Q\",187.31383297975037,180.68872626201923,186.3142927498653,180.68872626201923],[\"Q\",185.31475251998023,180.68872626201923,184.3152122900952,180.68872626201923],[\"Q\",183.31567206021012,180.68872626201923,182.8159019452676,180.68872626201923],[\"Q\",182.31613183032508,180.68872626201923,181.31659160044,180.68872626201923],[\"Q\",180.31705137055494,180.68872626201923,178.81774102572737,181.18841856971153],[\"Q\",177.3184306808998,181.68811087740383,177.3184306808998,182.18780318509613],[\"Q\",177.3184306808998,182.68749549278846,176.81866056595726,182.68749549278846],[\"Q\",176.31889045101474,182.68749549278846,175.81912033607222,183.68688010817306],[\"Q\",175.31935022112967,184.68626472355768,174.81958010618715,185.18595703124998],[\"Q\",174.31980999124463,185.6856493389423,174.31980999124463,186.18534164663458],[\"Q\",174.31980999124463,186.68503395432688,174.31980999124463,188.1841108774038],[\"Q\",174.31980999124463,189.68318780048074,174.31980999124463,190.68257241586537],[\"Q\",174.31980999124463,191.68195703124996,174.31980999124463,193.68072626201922],[\"Q\",174.31980999124463,195.67949549278845,175.3193502211297,196.67888010817308],[\"Q\",176.31889045101474,197.67826472355767,176.81866056595726,198.67764933894227],[\"Q\",177.3184306808998,199.6770339543269,177.81820079584233,200.1767262620192],[\"Q\",178.31797091078485,200.67641856971153,180.31705137055496,201.17611087740383],[\"Q\",182.31613183032508,201.67580318509613,183.31567206021015,201.67580318509613],[\"Q\",184.3152122900952,201.67580318509613,185.31475251998023,201.67580318509613],[\"Q\",186.3142927498653,201.67580318509613,187.8136030946929,201.67580318509613],[\"Q\",189.31291343952049,201.67580318509613,190.31245366940556,201.67580318509613],[\"Q\",191.3119938992906,201.67580318509613,192.8113042441182,201.67580318509613],[\"Q\",194.31061458894578,201.67580318509613,195.31015481883082,201.17611087740383],[\"Q\",196.30969504871587,200.67641856971153,196.8094651636584,200.1767262620192],[\"Q\",197.30923527860094,199.6770339543269,198.308775508486,199.1773416466346],[\"Q\",199.30831573837105,198.6776493389423,200.3078559682561,198.17795703125],[\"Q\",201.30739619814116,197.67826472355767,201.8071663130837,197.17857241586535],[\"Q\",202.30693642802623,196.67888010817305,202.30693642802623,196.17918780048075],[\"Q\",202.30693642802623,195.67949549278845,202.80670654296875,194.68011087740382],[\"Q\",203.30647665791128,193.68072626201922,203.8062467728538,193.1810339543269],[\"Q\",204.30601688779635,192.6813416466346,204.30601688779635,192.1816493389423],[\"Q\",204.30601688779635,191.68195703124996,204.30601688779635,190.68257241586537],[\"Q\",204.30601688779635,189.68318780048074,203.8062467728538,189.68318780048074],[\"Q\",203.30647665791128,189.68318780048074,202.80670654296875,189.18349549278844],[\"Q\",202.30693642802623,188.68380318509617,201.8071663130837,188.18411087740384],[\"Q\",201.30739619814116,187.68441856971154,200.8076260831986,187.68441856971154],[\"Q\",200.3078559682561,187.68441856971154,199.30831573837105,187.68441856971154],[\"Q\",198.30877550848598,187.68441856971154,197.80900539354346,187.68441856971154],[\"Q\",197.30923527860094,187.68441856971154,196.30969504871587,187.68441856971154],[\"Q\",195.3101548188308,187.68441856971154,194.31061458894575,187.68441856971154],[\"Q\",193.3110743590607,187.68441856971154,192.8113042441182,187.68441856971154],[\"Q\",192.31153412917567,187.68441856971154,190.81222378434808,188.18411087740384],[\"Q\",189.31291343952049,188.68380318509617,189.31291343952049,189.18349549278844],[\"Q\",189.31291343952049,189.68318780048074,189.31291343952049,190.68257241586537],[\"Q\",189.31291343952049,191.68195703124996,189.31291343952049,192.6813416466346],[\"Q\",189.31291343952049,193.68072626201922,191.3119938992906,193.68072626201922],[\"Q\",193.3110743590607,193.68072626201922,195.31015481883082,193.68072626201922],[\"Q\",197.30923527860094,193.68072626201922,199.30831573837105,193.68072626201922],[\"Q\",201.30739619814116,193.68072626201922,203.30647665791128,193.1810339543269],[\"Q\",205.3055571176814,192.6813416466346,205.3055571176814,192.1816493389423],[\"Q\",205.3055571176814,191.68195703124996,204.80578700273887,191.68195703124996],[\"Q\",204.30601688779635,191.68195703124996,202.80670654296875,191.68195703124996],[\"Q\",201.30739619814116,191.68195703124996,200.3078559682561,191.68195703124996],[\"Q\",199.30831573837105,191.68195703124996,198.308775508486,191.68195703124996],[\"Q\",197.30923527860094,191.68195703124996,198.308775508486,191.68195703124996],[\"Q\",199.30831573837105,191.68195703124996,199.30831573837105,190.68257241586537],[\"L\",199.30831573837105,189.66818780048075]]}]}', 10, 'na', 'na', 'na', 'na', 'na', 'na', 'na', 'na', 'na', 'na', 'na', 'na', 'na', 'na', '11-29-2022', '19', 'n/a', 'n/a', 'n/a', 'n/a', 'n/a', 'Yes', '', '', '', 'gg', 'gg', 'gg', 'gg', 'gg'),
(2, 'Lorem Ipsum is simply dummy text of the printing and typesetting industry. Lorem Ipsum has been the industry\'s standard dummy text ever since the 1500s, when an unknown printer took a galley of type and scrambled it to make a type specimen book. It has survived not only five centuries, but also the leap into electronic typesetting, remaining essentially unchanged. It was popularised in the 1960s with the release of Letraset sheets containing Lorem Ipsum passages, and more recently with desktop publishing software like Aldus PageMaker including versions of Lorem Ipsum.', '{\"version\":\"5.2.1\",\"objects\":[{\"type\":\"image\",\"version\":\"5.2.1\",\"originX\":\"left\",\"originY\":\"top\",\"left\":110,\"top\":101,\"width\":881,\"height\":448,\"fill\":\"rgb(0,0,0)\",\"stroke\":1,\"strokeWidth\":0,\"strokeDashArray\":[5,5],\"strokeLineCap\":\"butt\",\"strokeDashOffset\":0,\"strokeLineJoin\":\"miter\",\"strokeUniform\":false,\"strokeMiterLimit\":4,\"scaleX\":0.74,\"scaleY\":1,\"angle\":0,\"flipX\":false,\"flipY\":false,\"opacity\":1,\"shadow\":null,\"visible\":true,\"backgroundColor\":\"\",\"fillRule\":\"nonzero\",\"paintFirst\":\"fill\",\"globalCompositeOperation\":\"source-over\",\"skewX\":0,\"skewY\":0,\"erasable\":false,\"cropX\":0,\"cropY\":0,\"src\":\"http://jeguardamanodentalclinic.website/img/dental_diagram.png\",\"crossOrigin\":null,\"filters\":[]},{\"type\":\"path\",\"version\":\"5.2.1\",\"originX\":\"left\",\"originY\":\"top\",\"left\":184.99,\"top\":31.48,\"width\":131.03,\"height\":44.03,\"fill\":null,\"stroke\":\"#000000\",\"strokeWidth\":15,\"strokeDashArray\":null,\"strokeLineCap\":\"round\",\"strokeDashOffset\":0,\"strokeLineJoin\":\"round\",\"strokeUniform\":false,\"strokeMiterLimit\":10,\"scaleX\":1,\"scaleY\":1,\"angle\":0,\"flipX\":false,\"flipY\":false,\"opacity\":1,\"shadow\":null,\"visible\":true,\"backgroundColor\":\"\",\"fillRule\":\"nonzero\",\"paintFirst\":\"fill\",\"globalCompositeOperation\":\"source-over\",\"skewX\":0,\"skewY\":0,\"erasable\":true,\"eraser\":{\"type\":\"eraser\",\"version\":\"5.2.1\",\"originX\":\"center\",\"originY\":\"center\",\"left\":0,\"top\":0,\"width\":146.03,\"height\":59.03,\"fill\":\"rgb(0,0,0)\",\"stroke\":null,\"strokeWidth\":0,\"strokeDashArray\":null,\"strokeLineCap\":\"butt\",\"strokeDashOffset\":0,\"strokeLineJoin\":\"miter\",\"strokeUniform\":false,\"strokeMiterLimit\":4,\"scaleX\":1,\"scaleY\":1,\"angle\":0,\"flipX\":false,\"flipY\":false,\"opacity\":1,\"shadow\":null,\"visible\":true,\"backgroundColor\":\"\",\"fillRule\":\"nonzero\",\"paintFirst\":\"fill\",\"globalCompositeOperation\":\"source-over\",\"skewX\":0,\"skewY\":0,\"erasable\":true,\"objects\":[{\"type\":\"path\",\"version\":\"5.2.1\",\"originX\":\"left\",\"originY\":\"top\",\"left\":-88.87,\"top\":-61.08,\"width\":282.89,\"height\":132.45,\"fill\":null,\"stroke\":\"black\",\"strokeWidth\":15,\"strokeDashArray\":null,\"strokeLineCap\":\"round\",\"strokeDashOffset\":0,\"strokeLineJoin\":\"round\",\"strokeUniform\":false,\"strokeMiterLimit\":10,\"scaleX\":1,\"scaleY\":1,\"angle\":0,\"flipX\":false,\"flipY\":false,\"opacity\":1,\"shadow\":null,\"visible\":true,\"backgroundColor\":\"\",\"fillRule\":\"nonzero\",\"paintFirst\":\"fill\",\"globalCompositeOperation\":\"destination-out\",\"skewX\":0,\"skewY\":0,\"erasable\":true,\"path\":[[\"M\",459.515,121.985],[\"Q\",459.5,122,458.5,123.5],[\"Q\",457.5,125,451,128],[\"Q\",444.5,131,440,134],[\"Q\",435.5,137,434,138],[\"Q\",432.5,139,431.5,139.5],[\"Q\",430.5,140,430.5,139.5],[\"Q\",430.5,139,430.5,137],[\"Q\",430.5,135,430.5,131.5],[\"Q\",430.5,128,430.5,122.5],[\"Q\",430.5,117,432.5,112.5],[\"Q\",434.5,108,434.5,105],[\"Q\",434.5,102,436.5,99.5],[\"Q\",438.5,97,439.5,95],[\"Q\",440.5,93,440.5,94],[\"Q\",440.5,95,440,95.5],[\"Q\",439.5,96,438.5,95.5],[\"Q\",437.5,95,437,94],[\"Q\",436.5,93,436.5,91.5],[\"Q\",436.5,90,436,89.5],[\"Q\",435.5,89,435,89],[\"Q\",434.5,89,434,89],[\"Q\",433.5,89,432.5,90.5],[\"Q\",431.5,92,429,94.5],[\"Q\",426.5,97,423.5,101.5],[\"Q\",420.5,106,417,110],[\"Q\",413.5,114,413.5,114.5],[\"Q\",413.5,115,413.5,111],[\"Q\",413.5,107,414.5,100.5],[\"Q\",415.5,94,417.5,88],[\"Q\",419.5,82,424,75],[\"Q\",428.5,68,431.5,63.5],[\"Q\",434.5,59,435.5,57.5],[\"Q\",436.5,56,437,56],[\"Q\",437.5,56,438,59],[\"Q\",438.5,62,438.5,67.5],[\"Q\",438.5,73,437.5,77.5],[\"Q\",436.5,82,434,86],[\"Q\",431.5,90,431,94],[\"Q\",430.5,98,429.5,101],[\"Q\",428.5,104,427.5,105.5],[\"Q\",426.5,107,426.5,104.5],[\"Q\",426.5,102,427.5,97],[\"Q\",428.5,92,430,88],[\"Q\",431.5,84,433,80.5],[\"Q\",434.5,77,435.5,74.5],[\"Q\",436.5,72,437.5,71],[\"Q\",438.5,70,438.5,71.5],[\"Q\",438.5,73,438.5,77.5],[\"Q\",438.5,82,438,87],[\"Q\",437.5,92,436,95],[\"Q\",434.5,98,433,100],[\"Q\",431.5,102,431.5,101.5],[\"Q\",431.5,101,432,97],[\"Q\",432.5,93,435,85],[\"Q\",437.5,77,439,72],[\"Q\",440.5,67,440.5,63],[\"Q\",440.5,59,440.5,56],[\"Q\",440.5,53,440,53],[\"Q\",439.5,53,435.5,56.5],[\"Q\",431.5,60,424.5,66.5],[\"Q\",417.5,73,409,79],[\"Q\",400.5,85,394.5,88.5],[\"Q\",388.5,92,382,94.5],[\"Q\",375.5,97,370.5,97.5],[\"Q\",365.5,98,362,98],[\"Q\",358.5,98,358,98],[\"Q\",357.5,98,357,98],[\"Q\",356.5,98,356.5,97.5],[\"Q\",356.5,97,356.5,96],[\"Q\",356.5,95,356.5,93.5],[\"Q\",356.5,92,356.5,90],[\"Q\",356.5,88,356.5,87.5],[\"Q\",356.5,87,356,87],[\"Q\",355.5,87,350,87],[\"Q\",344.5,87,335.5,89.5],[\"Q\",326.5,92,319,94],[\"Q\",311.5,96,308,96.5],[\"Q\",304.5,97,304.5,96.5],[\"Q\",304.5,96,306.5,94.5],[\"Q\",308.5,93,310.5,90.5],[\"Q\",312.5,88,314,85.5],[\"Q\",315.5,83,315.5,83.5],[\"Q\",315.5,84,315.5,84.5],[\"Q\",315.5,85,315,87],[\"Q\",314.5,89,313.5,90.5],[\"Q\",312.5,92,312.5,91],[\"Q\",312.5,90,312.5,88.5],[\"Q\",312.5,87,312.5,84.5],[\"Q\",312.5,82,312.5,80],[\"Q\",312.5,78,312.5,78.5],[\"Q\",312.5,79,312.5,79.5],[\"Q\",312.5,80,312,83.5],[\"Q\",311.5,87,310.5,94],[\"Q\",309.5,101,308.5,104],[\"Q\",307.5,107,306.5,107.5],[\"Q\",305.5,108,305.5,107.5],[\"Q\",305.5,107,306,106.5],[\"Q\",306.5,106,307,103.5],[\"Q\",307.5,101,308.5,97.5],[\"Q\",309.5,94,312,90],[\"Q\",314.5,86,316.5,82.5],[\"Q\",318.5,79,320,78],[\"Q\",321.5,77,321.5,78],[\"Q\",321.5,79,322,83],[\"Q\",322.5,87,322.5,87.5],[\"Q\",322.5,88,322.5,88.5],[\"Q\",322.5,89,324,88.5],[\"Q\",325.5,88,327.5,84],[\"Q\",329.5,80,331.5,77],[\"Q\",333.5,74,335,71.5],[\"Q\",336.5,69,336.5,69.5],[\"Q\",336.5,70,336.5,71],[\"Q\",336.5,72,336,77],[\"Q\",335.5,82,334.5,85.5],[\"Q\",333.5,89,332,90.5],[\"Q\",330.5,92,330.5,90.5],[\"Q\",330.5,89,330.5,86],[\"Q\",330.5,83,330.5,80],[\"Q\",330.5,77,330.5,74],[\"Q\",330.5,71,330.5,70.5],[\"Q\",330.5,70,330,70],[\"Q\",329.5,70,328,72],[\"Q\",326.5,74,323,79],[\"Q\",319.5,84,315,87.5],[\"Q\",310.5,91,310,91.5],[\"Q\",309.5,92,309,90.5],[\"Q\",308.5,89,308.5,87.5],[\"Q\",308.5,86,309.5,82],[\"Q\",310.5,78,312,73],[\"Q\",313.5,68,314,66],[\"Q\",314.5,64,314.5,65.5],[\"Q\",314.5,67,310.5,75],[\"Q\",306.5,83,297,93.5],[\"Q\",287.5,104,283.5,107],[\"Q\",279.5,110,278.5,111.5],[\"Q\",277.5,113,277.5,111.5],[\"Q\",277.5,110,277.5,103.5],[\"Q\",277.5,97,280.5,89.5],[\"Q\",283.5,82,288,76],[\"Q\",292.5,70,296,67],[\"Q\",299.5,64,300,63],[\"Q\",300.5,62,301.5,62],[\"Q\",302.5,62,302,63.5],[\"Q\",301.5,65,300,69],[\"Q\",298.5,73,294,78.5],[\"Q\",289.5,84,285,89],[\"Q\",280.5,94,277,96.5],[\"Q\",273.5,99,273,100.5],[\"Q\",272.5,102,272.5,100.5],[\"Q\",272.5,99,275.5,93.5],[\"Q\",278.5,88,284,81],[\"Q\",289.5,74,294.5,68],[\"Q\",299.5,62,303.5,59],[\"Q\",307.5,56,307.5,57],[\"Q\",307.5,58,305,64.5],[\"Q\",302.5,71,298.5,76],[\"Q\",294.5,81,292,83],[\"Q\",289.5,85,288.5,86],[\"Q\",287.5,87,287,87.5],[\"Q\",286.5,88,286.5,87],[\"Q\",286.5,86,287.5,83],[\"Q\",288.5,80,295,69],[\"Q\",301.5,58,303,55],[\"Q\",304.5,52,304.5,51],[\"Q\",304.5,50,304,51],[\"Q\",303.5,52,300.5,56],[\"Q\",297.5,60,293.5,65.5],[\"Q\",289.5,71,284,76],[\"Q\",278.5,81,275.5,84.5],[\"Q\",272.5,88,271,89],[\"Q\",269.5,90,269.5,89],[\"Q\",269.5,88,274,82.5],[\"Q\",278.5,77,281.5,72],[\"Q\",284.5,67,286.5,64],[\"Q\",288.5,61,288,61.5],[\"Q\",287.5,62,285.5,64],[\"Q\",283.5,66,280.5,70],[\"Q\",277.5,74,272,79],[\"Q\",266.5,84,262,88],[\"Q\",257.5,92,256.5,93.5],[\"Q\",255.5,95,255,95],[\"Q\",254.5,95,254.5,93],[\"Q\",254.5,91,255,86.5],[\"Q\",255.5,82,257.5,76.5],[\"Q\",259.5,71,263.5,63],[\"Q\",267.5,55,272,50],[\"Q\",276.5,45,277.5,44.5],[\"Q\",278.5,44,277,48],[\"Q\",275.5,52,269.5,58],[\"Q\",263.5,64,259.5,67.5],[\"Q\",255.5,71,253.5,72.5],[\"Q\",251.5,74,251.5,73],[\"Q\",251.5,72,251.5,70.5],[\"Q\",251.5,69,253.5,66],[\"Q\",255.5,63,259,59.5],[\"Q\",262.5,56,263.5,55.5],[\"Q\",264.5,55,264.5,55.5],[\"Q\",264.5,56,263.5,57],[\"Q\",262.5,58,261.5,59],[\"Q\",260.5,60,252,68],[\"Q\",243.5,76,240,79],[\"Q\",236.5,82,236,84],[\"Q\",235.5,86,235.5,86.5],[\"Q\",235.5,87,236.5,84.5],[\"Q\",237.5,82,238.5,79],[\"Q\",239.5,76,241.5,73],[\"Q\",243.5,70,244.5,68.5],[\"Q\",245.5,67,246,67.5],[\"Q\",246.5,68,247,68.5],[\"Q\",247.5,69,248,69],[\"Q\",248.5,69,249.5,69],[\"Q\",250.5,69,250.5,68.5],[\"Q\",250.5,68,252,67],[\"Q\",253.5,66,255,65.5],[\"Q\",256.5,65,256.5,65.5],[\"Q\",256.5,66,256.5,66.5],[\"Q\",256.5,67,257,69.5],[\"Q\",257.5,72,258,72.5],[\"Q\",258.5,73,259.5,73],[\"Q\",260.5,73,262,72.5],[\"Q\",263.5,72,265.5,68.5],[\"Q\",267.5,65,269,63],[\"Q\",270.5,61,272,58.5],[\"Q\",273.5,56,273.5,56.5],[\"Q\",273.5,57,273.5,57.5],[\"Q\",273.5,58,271.5,62],[\"Q\",269.5,66,267.5,69],[\"Q\",265.5,72,264.5,74],[\"Q\",263.5,76,262.5,77],[\"Q\",261.5,78,261.5,76.5],[\"Q\",261.5,75,263.5,70],[\"Q\",265.5,65,268.5,59],[\"Q\",271.5,53,275,48],[\"Q\",278.5,43,280,41],[\"Q\",281.5,39,280.5,45.5],[\"Q\",279.5,52,278.5,56],[\"Q\",277.5,60,277,62],[\"Q\",276.5,64,276,67.5],[\"Q\",275.5,71,274.5,74.5],[\"Q\",273.5,78,273,79.5],[\"Q\",272.5,81,272,81],[\"Q\",271.5,81,271.5,80.5],[\"Q\",271.5,80,271.5,77],[\"Q\",271.5,74,271.5,68],[\"Q\",271.5,62,272,54.5],[\"Q\",272.5,47,273.5,40],[\"Q\",274.5,33,274.5,32],[\"Q\",274.5,31,273,35.5],[\"Q\",271.5,40,267.5,46.5],[\"Q\",263.5,53,260,56.5],[\"Q\",256.5,60,254,62],[\"Q\",251.5,64,250,65],[\"Q\",248.5,66,248,67],[\"Q\",247.5,68,247.5,67],[\"Q\",247.5,66,247.5,64.5],[\"Q\",247.5,63,248.5,61],[\"Q\",249.5,59,253.5,52],[\"Q\",257.5,45,258,43.5],[\"Q\",258.5,42,258.5,42.5],[\"Q\",258.5,43,254,47.5],[\"Q\",249.5,52,244.5,57.5],[\"Q\",239.5,63,236,66.5],[\"Q\",232.5,70,231.5,71],[\"Q\",230.5,72,230,72],[\"Q\",229.5,72,229.5,69],[\"Q\",229.5,66,232,57.5],[\"Q\",234.5,49,237.5,45],[\"Q\",240.5,41,240.5,39.5],[\"Q\",240.5,38,240.5,39],[\"Q\",240.5,40,238,45],[\"Q\",235.5,50,231.5,55.5],[\"Q\",227.5,61,225.5,64.5],[\"Q\",223.5,68,221.5,69.5],[\"Q\",219.5,71,217.5,73],[\"Q\",215.5,75,215.5,74],[\"Q\",215.5,73,217,67],[\"Q\",218.5,61,222,57],[\"Q\",225.5,53,227.5,51],[\"Q\",229.5,49,230.5,48],[\"Q\",231.5,47,231.5,46.5],[\"Q\",231.5,46,230.5,49],[\"Q\",229.5,52,225.5,56.5],[\"Q\",221.5,61,217,64],[\"Q\",212.5,67,210,68.5],[\"Q\",207.5,70,207,71],[\"Q\",206.5,72,206.5,68.5],[\"Q\",206.5,65,208.5,60],[\"Q\",210.5,55,213.5,50],[\"Q\",216.5,45,218,43],[\"Q\",219.5,41,220.5,39.5],[\"Q\",221.5,38,221,39.5],[\"Q\",220.5,41,220,41.5],[\"Q\",219.5,42,218.5,43],[\"Q\",217.5,44,215.5,47.5],[\"Q\",213.5,51,213,52.5],[\"Q\",212.5,54,212,54],[\"Q\",211.5,54,211.5,53.5],[\"Q\",211.5,53,211.5,51],[\"Q\",211.5,49,215,45],[\"Q\",218.5,41,220.5,38.5],[\"Q\",222.5,36,223,35],[\"Q\",223.5,34,219.5,39.5],[\"Q\",215.5,45,212.5,48],[\"Q\",209.5,51,206.5,53],[\"Q\",203.5,55,202,56.5],[\"Q\",200.5,58,200,59],[\"Q\",199.5,60,199,59],[\"Q\",198.5,58,198.5,55.5],[\"Q\",198.5,53,200.5,48.5],[\"Q\",202.5,44,205.5,40.5],[\"Q\",208.5,37,211.5,34],[\"Q\",214.5,31,216,30],[\"Q\",217.5,29,218,29],[\"Q\",218.5,29,218.5,30.5],[\"Q\",218.5,32,216,35],[\"Q\",213.5,38,210,41.5],[\"Q\",206.5,45,204,48],[\"Q\",201.5,51,200,52.5],[\"Q\",198.5,54,198.5,55],[\"Q\",198.5,56,198,56],[\"Q\",197.5,56,197.5,55.5],[\"Q\",197.5,55,197.5,52.5],[\"Q\",197.5,50,200.5,44.5],[\"Q\",203.5,39,208.5,33.5],[\"Q\",213.5,28,218.5,23.5],[\"Q\",223.5,19,225,17.5],[\"Q\",226.5,16,226.5,16.5],[\"Q\",226.5,17,223.5,20.5],[\"Q\",220.5,24,216,27.5],[\"Q\",211.5,31,209,31.5],[\"Q\",206.5,32,205.5,33.5],[\"Q\",204.5,35,204,35.5],[\"Q\",203.5,36,203.5,35],[\"Q\",203.5,34,204.5,31],[\"Q\",205.5,28,209,23],[\"Q\",212.5,18,215.5,13.5],[\"Q\",218.5,9,219.5,8],[\"Q\",220.5,7,216,10.5],[\"Q\",211.5,14,206,18.5],[\"Q\",200.5,23,197,28.5],[\"Q\",193.5,34,193,35],[\"Q\",192.5,36,192,36.5],[\"Q\",191.5,37,191,37],[\"Q\",190.5,37,189.5,37],[\"Q\",188.5,37,187.5,37],[\"Q\",186.5,37,186,37],[\"Q\",185.5,37,185,37.5],[\"Q\",184.5,38,183,39.5],[\"Q\",181.5,41,180,42.5],[\"Q\",178.5,44,178,45.5],[\"Q\",177.5,47,177,49],[\"Q\",176.5,51,177,50],[\"Q\",177.5,49,180,45],[\"Q\",182.5,41,186,37],[\"Q\",189.5,33,192,29.5],[\"Q\",194.5,26,196,24],[\"Q\",197.5,22,198,22],[\"Q\",198.5,22,198.5,23],[\"Q\",198.5,24,197,29.5],[\"Q\",195.5,35,193.5,38.5],[\"Q\",191.5,42,191,43],[\"Q\",190.5,44,190.5,46],[\"Q\",190.5,48,190,49.5],[\"Q\",189.5,51,189.5,52],[\"Q\",189.5,53,189,52],[\"Q\",188.5,51,188.5,47.5],[\"Q\",188.5,44,189.5,41],[\"Q\",190.5,38,194,33.5],[\"Q\",197.5,29,199.5,27],[\"Q\",201.5,25,201.5,25.5],[\"Q\",201.5,26,201.5,26.5],[\"Q\",201.5,27,201.5,28],[\"Q\",201.5,29,201.5,30],[\"Q\",201.5,31,200.5,32.5],[\"Q\",199.5,34,198,34],[\"Q\",196.5,34,195,34.5],[\"Q\",193.5,35,193,35],[\"Q\",192.5,35,192,35],[\"Q\",191.5,35,189,31],[\"L\",186.485,26.985]]}]},\"path\":[[\"M\",192.485,38.985],[\"Q\",192.5,39,194.5,40.5],[\"Q\",196.5,42,200,43],[\"Q\",203.5,44,206,46],[\"Q\",208.5,48,214,50],[\"Q\",219.5,52,222,53],[\"Q\",224.5,54,229.5,55.5],[\"Q\",234.5,57,238.5,58],[\"Q\",242.5,59,247.5,60],[\"Q\",252.5,61,258,63],[\"Q\",263.5,65,270,66.5],[\"Q\",276.5,68,283,70.5],[\"Q\",289.5,73,295,74.5],[\"Q\",300.5,76,305.5,77.5],[\"Q\",310.5,79,313.5,80],[\"Q\",316.5,81,318,81.5],[\"Q\",319.5,82,321.5,82.5],[\"L\",323.515,83.015]]},{\"type\":\"path\",\"version\":\"5.2.1\",\"originX\":\"left\",\"originY\":\"top\",\"left\":425,\"top\":75.48,\"width\":1,\"height\":26.03,\"fill\":null,\"stroke\":\"#000000\",\"strokeWidth\":15,\"strokeDashArray\":null,\"strokeLineCap\":\"round\",\"strokeDashOffset\":0,\"strokeLineJoin\":\"round\",\"strokeUniform\":false,\"strokeMiterLimit\":10,\"scaleX\":1,\"scaleY\":1,\"angle\":0,\"flipX\":false,\"flipY\":false,\"opacity\":1,\"shadow\":null,\"visible\":true,\"backgroundColor\":\"\",\"fillRule\":\"nonzero\",\"paintFirst\":\"fill\",\"globalCompositeOperation\":\"source-over\",\"skewX\":0,\"skewY\":0,\"erasable\":true,\"eraser\":{\"type\":\"eraser\",\"version\":\"5.2.1\",\"originX\":\"center\",\"originY\":\"center\",\"left\":0,\"top\":0,\"width\":16,\"height\":41.03,\"fill\":\"rgb(0,0,0)\",\"stroke\":null,\"strokeWidth\":0,\"strokeDashArray\":null,\"strokeLineCap\":\"butt\",\"strokeDashOffset\":0,\"strokeLineJoin\":\"miter\",\"strokeUniform\":false,\"strokeMiterLimit\":4,\"scaleX\":1,\"scaleY\":1,\"angle\":0,\"flipX\":false,\"flipY\":false,\"opacity\":1,\"shadow\":null,\"visible\":true,\"backgroundColor\":\"\",\"fillRule\":\"nonzero\",\"paintFirst\":\"fill\",\"globalCompositeOperation\":\"source-over\",\"skewX\":0,\"skewY\":0,\"erasable\":true,\"objects\":[{\"type\":\"path\",\"version\":\"5.2.1\",\"originX\":\"left\",\"originY\":\"top\",\"left\":-263.87,\"top\":-96.08,\"width\":282.89,\"height\":132.45,\"fill\":null,\"stroke\":\"black\",\"strokeWidth\":15,\"strokeDashArray\":null,\"strokeLineCap\":\"round\",\"strokeDashOffset\":0,\"strokeLineJoin\":\"round\",\"strokeUniform\":false,\"strokeMiterLimit\":10,\"scaleX\":1,\"scaleY\":1,\"angle\":0,\"flipX\":false,\"flipY\":false,\"opacity\":1,\"shadow\":null,\"visible\":true,\"backgroundColor\":\"\",\"fillRule\":\"nonzero\",\"paintFirst\":\"fill\",\"globalCompositeOperation\":\"destination-out\",\"skewX\":0,\"skewY\":0,\"erasable\":true,\"path\":[[\"M\",459.515,121.985],[\"Q\",459.5,122,458.5,123.5],[\"Q\",457.5,125,451,128],[\"Q\",444.5,131,440,134],[\"Q\",435.5,137,434,138],[\"Q\",432.5,139,431.5,139.5],[\"Q\",430.5,140,430.5,139.5],[\"Q\",430.5,139,430.5,137],[\"Q\",430.5,135,430.5,131.5],[\"Q\",430.5,128,430.5,122.5],[\"Q\",430.5,117,432.5,112.5],[\"Q\",434.5,108,434.5,105],[\"Q\",434.5,102,436.5,99.5],[\"Q\",438.5,97,439.5,95],[\"Q\",440.5,93,440.5,94],[\"Q\",440.5,95,440,95.5],[\"Q\",439.5,96,438.5,95.5],[\"Q\",437.5,95,437,94],[\"Q\",436.5,93,436.5,91.5],[\"Q\",436.5,90,436,89.5],[\"Q\",435.5,89,435,89],[\"Q\",434.5,89,434,89],[\"Q\",433.5,89,432.5,90.5],[\"Q\",431.5,92,429,94.5],[\"Q\",426.5,97,423.5,101.5],[\"Q\",420.5,106,417,110],[\"Q\",413.5,114,413.5,114.5],[\"Q\",413.5,115,413.5,111],[\"Q\",413.5,107,414.5,100.5],[\"Q\",415.5,94,417.5,88],[\"Q\",419.5,82,424,75],[\"Q\",428.5,68,431.5,63.5],[\"Q\",434.5,59,435.5,57.5],[\"Q\",436.5,56,437,56],[\"Q\",437.5,56,438,59],[\"Q\",438.5,62,438.5,67.5],[\"Q\",438.5,73,437.5,77.5],[\"Q\",436.5,82,434,86],[\"Q\",431.5,90,431,94],[\"Q\",430.5,98,429.5,101],[\"Q\",428.5,104,427.5,105.5],[\"Q\",426.5,107,426.5,104.5],[\"Q\",426.5,102,427.5,97],[\"Q\",428.5,92,430,88],[\"Q\",431.5,84,433,80.5],[\"Q\",434.5,77,435.5,74.5],[\"Q\",436.5,72,437.5,71],[\"Q\",438.5,70,438.5,71.5],[\"Q\",438.5,73,438.5,77.5],[\"Q\",438.5,82,438,87],[\"Q\",437.5,92,436,95],[\"Q\",434.5,98,433,100],[\"Q\",431.5,102,431.5,101.5],[\"Q\",431.5,101,432,97],[\"Q\",432.5,93,435,85],[\"Q\",437.5,77,439,72],[\"Q\",440.5,67,440.5,63],[\"Q\",440.5,59,440.5,56],[\"Q\",440.5,53,440,53],[\"Q\",439.5,53,435.5,56.5],[\"Q\",431.5,60,424.5,66.5],[\"Q\",417.5,73,409,79],[\"Q\",400.5,85,394.5,88.5],[\"Q\",388.5,92,382,94.5],[\"Q\",375.5,97,370.5,97.5],[\"Q\",365.5,98,362,98],[\"Q\",358.5,98,358,98],[\"Q\",357.5,98,357,98],[\"Q\",356.5,98,356.5,97.5],[\"Q\",356.5,97,356.5,96],[\"Q\",356.5,95,356.5,93.5],[\"Q\",356.5,92,356.5,90],[\"Q\",356.5,88,356.5,87.5],[\"Q\",356.5,87,356,87],[\"Q\",355.5,87,350,87],[\"Q\",344.5,87,335.5,89.5],[\"Q\",326.5,92,319,94],[\"Q\",311.5,96,308,96.5],[\"Q\",304.5,97,304.5,96.5],[\"Q\",304.5,96,306.5,94.5],[\"Q\",308.5,93,310.5,90.5],[\"Q\",312.5,88,314,85.5],[\"Q\",315.5,83,315.5,83.5],[\"Q\",315.5,84,315.5,84.5],[\"Q\",315.5,85,315,87],[\"Q\",314.5,89,313.5,90.5],[\"Q\",312.5,92,312.5,91],[\"Q\",312.5,90,312.5,88.5],[\"Q\",312.5,87,312.5,84.5],[\"Q\",312.5,82,312.5,80],[\"Q\",312.5,78,312.5,78.5],[\"Q\",312.5,79,312.5,79.5],[\"Q\",312.5,80,312,83.5],[\"Q\",311.5,87,310.5,94],[\"Q\",309.5,101,308.5,104],[\"Q\",307.5,107,306.5,107.5],[\"Q\",305.5,108,305.5,107.5],[\"Q\",305.5,107,306,106.5],[\"Q\",306.5,106,307,103.5],[\"Q\",307.5,101,308.5,97.5],[\"Q\",309.5,94,312,90],[\"Q\",314.5,86,316.5,82.5],[\"Q\",318.5,79,320,78],[\"Q\",321.5,77,321.5,78],[\"Q\",321.5,79,322,83],[\"Q\",322.5,87,322.5,87.5],[\"Q\",322.5,88,322.5,88.5],[\"Q\",322.5,89,324,88.5],[\"Q\",325.5,88,327.5,84],[\"Q\",329.5,80,331.5,77],[\"Q\",333.5,74,335,71.5],[\"Q\",336.5,69,336.5,69.5],[\"Q\",336.5,70,336.5,71],[\"Q\",336.5,72,336,77],[\"Q\",335.5,82,334.5,85.5],[\"Q\",333.5,89,332,90.5],[\"Q\",330.5,92,330.5,90.5],[\"Q\",330.5,89,330.5,86],[\"Q\",330.5,83,330.5,80],[\"Q\",330.5,77,330.5,74],[\"Q\",330.5,71,330.5,70.5],[\"Q\",330.5,70,330,70],[\"Q\",329.5,70,328,72],[\"Q\",326.5,74,323,79],[\"Q\",319.5,84,315,87.5],[\"Q\",310.5,91,310,91.5],[\"Q\",309.5,92,309,90.5],[\"Q\",308.5,89,308.5,87.5],[\"Q\",308.5,86,309.5,82],[\"Q\",310.5,78,312,73],[\"Q\",313.5,68,314,66],[\"Q\",314.5,64,314.5,65.5],[\"Q\",314.5,67,310.5,75],[\"Q\",306.5,83,297,93.5],[\"Q\",287.5,104,283.5,107],[\"Q\",279.5,110,278.5,111.5],[\"Q\",277.5,113,277.5,111.5],[\"Q\",277.5,110,277.5,103.5],[\"Q\",277.5,97,280.5,89.5],[\"Q\",283.5,82,288,76],[\"Q\",292.5,70,296,67],[\"Q\",299.5,64,300,63],[\"Q\",300.5,62,301.5,62],[\"Q\",302.5,62,302,63.5],[\"Q\",301.5,65,300,69],[\"Q\",298.5,73,294,78.5],[\"Q\",289.5,84,285,89],[\"Q\",280.5,94,277,96.5],[\"Q\",273.5,99,273,100.5],[\"Q\",272.5,102,272.5,100.5],[\"Q\",272.5,99,275.5,93.5],[\"Q\",278.5,88,284,81],[\"Q\",289.5,74,294.5,68],[\"Q\",299.5,62,303.5,59],[\"Q\",307.5,56,307.5,57],[\"Q\",307.5,58,305,64.5],[\"Q\",302.5,71,298.5,76],[\"Q\",294.5,81,292,83],[\"Q\",289.5,85,288.5,86],[\"Q\",287.5,87,287,87.5],[\"Q\",286.5,88,286.5,87],[\"Q\",286.5,86,287.5,83],[\"Q\",288.5,80,295,69],[\"Q\",301.5,58,303,55],[\"Q\",304.5,52,304.5,51],[\"Q\",304.5,50,304,51],[\"Q\",303.5,52,300.5,56],[\"Q\",297.5,60,293.5,65.5],[\"Q\",289.5,71,284,76],[\"Q\",278.5,81,275.5,84.5],[\"Q\",272.5,88,271,89],[\"Q\",269.5,90,269.5,89],[\"Q\",269.5,88,274,82.5],[\"Q\",278.5,77,281.5,72],[\"Q\",284.5,67,286.5,64],[\"Q\",288.5,61,288,61.5],[\"Q\",287.5,62,285.5,64],[\"Q\",283.5,66,280.5,70],[\"Q\",277.5,74,272,79],[\"Q\",266.5,84,262,88],[\"Q\",257.5,92,256.5,93.5],[\"Q\",255.5,95,255,95],[\"Q\",254.5,95,254.5,93],[\"Q\",254.5,91,255,86.5],[\"Q\",255.5,82,257.5,76.5],[\"Q\",259.5,71,263.5,63],[\"Q\",267.5,55,272,50],[\"Q\",276.5,45,277.5,44.5],[\"Q\",278.5,44,277,48],[\"Q\",275.5,52,269.5,58],[\"Q\",263.5,64,259.5,67.5],[\"Q\",255.5,71,253.5,72.5],[\"Q\",251.5,74,251.5,73],[\"Q\",251.5,72,251.5,70.5],[\"Q\",251.5,69,253.5,66],[\"Q\",255.5,63,259,59.5],[\"Q\",262.5,56,263.5,55.5],[\"Q\",264.5,55,264.5,55.5],[\"Q\",264.5,56,263.5,57],[\"Q\",262.5,58,261.5,59],[\"Q\",260.5,60,252,68],[\"Q\",243.5,76,240,79],[\"Q\",236.5,82,236,84],[\"Q\",235.5,86,235.5,86.5],[\"Q\",235.5,87,236.5,84.5],[\"Q\",237.5,82,238.5,79],[\"Q\",239.5,76,241.5,73],[\"Q\",243.5,70,244.5,68.5],[\"Q\",245.5,67,246,67.5],[\"Q\",246.5,68,247,68.5],[\"Q\",247.5,69,248,69],[\"Q\",248.5,69,249.5,69],[\"Q\",250.5,69,250.5,68.5],[\"Q\",250.5,68,252,67],[\"Q\",253.5,66,255,65.5],[\"Q\",256.5,65,256.5,65.5],[\"Q\",256.5,66,256.5,66.5],[\"Q\",256.5,67,257,69.5],[\"Q\",257.5,72,258,72.5],[\"Q\",258.5,73,259.5,73],[\"Q\",260.5,73,262,72.5],[\"Q\",263.5,72,265.5,68.5],[\"Q\",267.5,65,269,63],[\"Q\",270.5,61,272,58.5],[\"Q\",273.5,56,273.5,56.5],[\"Q\",273.5,57,273.5,57.5],[\"Q\",273.5,58,271.5,62],[\"Q\",269.5,66,267.5,69],[\"Q\",265.5,72,264.5,74],[\"Q\",263.5,76,262.5,77],[\"Q\",261.5,78,261.5,76.5],[\"Q\",261.5,75,263.5,70],[\"Q\",265.5,65,268.5,59],[\"Q\",271.5,53,275,48],[\"Q\",278.5,43,280,41],[\"Q\",281.5,39,280.5,45.5],[\"Q\",279.5,52,278.5,56],[\"Q\",277.5,60,277,62],[\"Q\",276.5,64,276,67.5],[\"Q\",275.5,71,274.5,74.5],[\"Q\",273.5,78,273,79.5],[\"Q\",272.5,81,272,81],[\"Q\",271.5,81,271.5,80.5],[\"Q\",271.5,80,271.5,77],[\"Q\",271.5,74,271.5,68],[\"Q\",271.5,62,272,54.5],[\"Q\",272.5,47,273.5,40],[\"Q\",274.5,33,274.5,32],[\"Q\",274.5,31,273,35.5],[\"Q\",271.5,40,267.5,46.5],[\"Q\",263.5,53,260,56.5],[\"Q\",256.5,60,254,62],[\"Q\",251.5,64,250,65],[\"Q\",248.5,66,248,67],[\"Q\",247.5,68,247.5,67],[\"Q\",247.5,66,247.5,64.5],[\"Q\",247.5,63,248.5,61],[\"Q\",249.5,59,253.5,52],[\"Q\",257.5,45,258,43.5],[\"Q\",258.5,42,258.5,42.5],[\"Q\",258.5,43,254,47.5],[\"Q\",249.5,52,244.5,57.5],[\"Q\",239.5,63,236,66.5],[\"Q\",232.5,70,231.5,71],[\"Q\",230.5,72,230,72],[\"Q\",229.5,72,229.5,69],[\"Q\",229.5,66,232,57.5],[\"Q\",234.5,49,237.5,45],[\"Q\",240.5,41,240.5,39.5],[\"Q\",240.5,38,240.5,39],[\"Q\",240.5,40,238,45],[\"Q\",235.5,50,231.5,55.5],[\"Q\",227.5,61,225.5,64.5],[\"Q\",223.5,68,221.5,69.5],[\"Q\",219.5,71,217.5,73],[\"Q\",215.5,75,215.5,74],[\"Q\",215.5,73,217,67],[\"Q\",218.5,61,222,57],[\"Q\",225.5,53,227.5,51],[\"Q\",229.5,49,230.5,48],[\"Q\",231.5,47,231.5,46.5],[\"Q\",231.5,46,230.5,49],[\"Q\",229.5,52,225.5,56.5],[\"Q\",221.5,61,217,64],[\"Q\",212.5,67,210,68.5],[\"Q\",207.5,70,207,71],[\"Q\",206.5,72,206.5,68.5],[\"Q\",206.5,65,208.5,60],[\"Q\",210.5,55,213.5,50],[\"Q\",216.5,45,218,43],[\"Q\",219.5,41,220.5,39.5],[\"Q\",221.5,38,221,39.5],[\"Q\",220.5,41,220,41.5],[\"Q\",219.5,42,218.5,43],[\"Q\",217.5,44,215.5,47.5],[\"Q\",213.5,51,213,52.5],[\"Q\",212.5,54,212,54],[\"Q\",211.5,54,211.5,53.5],[\"Q\",211.5,53,211.5,51],[\"Q\",211.5,49,215,45],[\"Q\",218.5,41,220.5,38.5],[\"Q\",222.5,36,223,35],[\"Q\",223.5,34,219.5,39.5],[\"Q\",215.5,45,212.5,48],[\"Q\",209.5,51,206.5,53],[\"Q\",203.5,55,202,56.5],[\"Q\",200.5,58,200,59],[\"Q\",199.5,60,199,59],[\"Q\",198.5,58,198.5,55.5],[\"Q\",198.5,53,200.5,48.5],[\"Q\",202.5,44,205.5,40.5],[\"Q\",208.5,37,211.5,34],[\"Q\",214.5,31,216,30],[\"Q\",217.5,29,218,29],[\"Q\",218.5,29,218.5,30.5],[\"Q\",218.5,32,216,35],[\"Q\",213.5,38,210,41.5],[\"Q\",206.5,45,204,48],[\"Q\",201.5,51,200,52.5],[\"Q\",198.5,54,198.5,55],[\"Q\",198.5,56,198,56],[\"Q\",197.5,56,197.5,55.5],[\"Q\",197.5,55,197.5,52.5],[\"Q\",197.5,50,200.5,44.5],[\"Q\",203.5,39,208.5,33.5],[\"Q\",213.5,28,218.5,23.5],[\"Q\",223.5,19,225,17.5],[\"Q\",226.5,16,226.5,16.5],[\"Q\",226.5,17,223.5,20.5],[\"Q\",220.5,24,216,27.5],[\"Q\",211.5,31,209,31.5],[\"Q\",206.5,32,205.5,33.5],[\"Q\",204.5,35,204,35.5],[\"Q\",203.5,36,203.5,35],[\"Q\",203.5,34,204.5,31],[\"Q\",205.5,28,209,23],[\"Q\",212.5,18,215.5,13.5],[\"Q\",218.5,9,219.5,8],[\"Q\",220.5,7,216,10.5],[\"Q\",211.5,14,206,18.5],[\"Q\",200.5,23,197,28.5],[\"Q\",193.5,34,193,35],[\"Q\",192.5,36,192,36.5],[\"Q\",191.5,37,191,37],[\"Q\",190.5,37,189.5,37],[\"Q\",188.5,37,187.5,37],[\"Q\",186.5,37,186,37],[\"Q\",185.5,37,185,37.5],[\"Q\",184.5,38,183,39.5],[\"Q\",181.5,41,180,42.5],[\"Q\",178.5,44,178,45.5],[\"Q\",177.5,47,177,49],[\"Q\",176.5,51,177,50],[\"Q\",177.5,49,180,45],[\"Q\",182.5,41,186,37],[\"Q\",189.5,33,192,29.5],[\"Q\",194.5,26,196,24],[\"Q\",197.5,22,198,22],[\"Q\",198.5,22,198.5,23],[\"Q\",198.5,24,197,29.5],[\"Q\",195.5,35,193.5,38.5],[\"Q\",191.5,42,191,43],[\"Q\",190.5,44,190.5,46],[\"Q\",190.5,48,190,49.5],[\"Q\",189.5,51,189.5,52],[\"Q\",189.5,53,189,52],[\"Q\",188.5,51,188.5,47.5],[\"Q\",188.5,44,189.5,41],[\"Q\",190.5,38,194,33.5],[\"Q\",197.5,29,199.5,27],[\"Q\",201.5,25,201.5,25.5],[\"Q\",201.5,26,201.5,26.5],[\"Q\",201.5,27,201.5,28],[\"Q\",201.5,29,201.5,30],[\"Q\",201.5,31,200.5,32.5],[\"Q\",199.5,34,198,34],[\"Q\",196.5,34,195,34.5],[\"Q\",193.5,35,193,35],[\"Q\",192.5,35,192,35],[\"Q\",191.5,35,189,31],[\"L\",186.485,26.985]]}]},\"path\":[[\"M\",433.5,82.985],[\"Q\",433.5,83,433.5,84],[\"Q\",433.5,85,433.5,87],[\"Q\",433.5,89,433,91],[\"Q\",432.5,93,432.5,95],[\"Q\",432.5,97,432.5,100],[\"Q\",432.5,103,432.5,106],[\"L\",432.5,109.015]]}]}', 12, '', '', '', '', '', '', '', '', '', '', '', '', '', '', '', '', '', '', '', '', '', '', '', '', '', '', '', '', '', '');

-- --------------------------------------------------------

--
-- Table structure for table `members`
--

CREATE TABLE `members` (
  `member_id` int(11) NOT NULL,
  `firstname` varchar(100) NOT NULL,
  `lastname` varchar(100) NOT NULL,
  `middlename` varchar(100) NOT NULL,
  `address` varchar(100) NOT NULL,
  `email` varchar(100) NOT NULL,
  `contact_no` varchar(100) NOT NULL,
  `age` int(11) NOT NULL,
  `gender` varchar(100) NOT NULL,
  `username` varchar(100) NOT NULL,
  `password` varchar(100) NOT NULL
) ENGINE=InnoDB DEFAULT CHARSET=latin1;

--
-- Dumping data for table `members`
--

INSERT INTO `members` (`member_id`, `firstname`, `lastname`, `middlename`, `address`, `email`, `contact_no`, `age`, `gender`, `username`, `password`) VALUES
(10, 'jun ', 'cruz', '', '7, 1800 A. Guisama st, Marikina, 1800 Metro Manila', 'JEGuardamano@gmail.com', '09610782686', 19, 'Male', 'jun', '123456'),
(12, 'test', 'test', '', 'test', 'test', 'test', 25, 'Male', 'user', 'test');

-- --------------------------------------------------------

--
-- Table structure for table `note`
--

CREATE TABLE `note` (
  `note_id` int(11) NOT NULL,
  `date` varchar(100) NOT NULL,
  `message` varchar(200) NOT NULL
) ENGINE=InnoDB DEFAULT CHARSET=latin1;

-- --------------------------------------------------------

--
-- Table structure for table `payment_balance`
--

CREATE TABLE `payment_balance` (
  `balance_id` int(11) NOT NULL,
  `total_amount` decimal(10,0) NOT NULL,
  `member_id` int(11) NOT NULL
) ENGINE=InnoDB DEFAULT CHARSET=utf8mb4;

--
-- Dumping data for table `payment_balance`
--

INSERT INTO `payment_balance` (`balance_id`, `total_amount`, `member_id`) VALUES
(1, '2000', 10),
(2, '1000', 12);

-- --------------------------------------------------------

--
-- Table structure for table `payment_history`
--

CREATE TABLE `payment_history` (
  `payment_id` int(11) NOT NULL,
  `amount` decimal(10,0) NOT NULL,
  `date` date NOT NULL,
  `mode_of_payment` varchar(65) NOT NULL,
  `member_id` int(11) NOT NULL
) ENGINE=InnoDB DEFAULT CHARSET=utf8mb4;

--
-- Dumping data for table `payment_history`
--

INSERT INTO `payment_history` (`payment_id`, `amount`, `date`, `mode_of_payment`, `member_id`) VALUES
(1, '200', '2022-11-29', 'Credit Card', 12),
(2, '200', '2022-11-29', 'Cash', 12),
(3, '300', '2022-11-29', 'Cash', 12),
(4, '200', '2022-11-29', 'Cash', 10),
(5, '500', '2022-11-29', 'Cash', 10);

-- --------------------------------------------------------

--
-- Table structure for table `schedule`
--

CREATE TABLE `schedule` (
  `id` int(11) NOT NULL,
  `member_id` int(11) NOT NULL,
  `date` varchar(100) NOT NULL,
  `time` int(11) NOT NULL,
  `service_id` int(11) NOT NULL,
  `Number` int(11) NOT NULL,
  `payment_status` varchar(65) NOT NULL,
  `status` varchar(100) NOT NULL
) ENGINE=InnoDB DEFAULT CHARSET=latin1;

--
-- Dumping data for table `schedule`
--

INSERT INTO `schedule` (`id`, `member_id`, `date`, `time`, `service_id`, `Number`, `payment_status`, `status`) VALUES
(94, 10, '25/10/2022', 9, 1, 1, 'unpaid', 'Done'),
(96, 12, '30/11/2022', 13, 1, 1, 'unpaid', 'Done'),
(97, 12, '06/12/2022', 13, 3, 1, 'unpaid', 'Pending');

-- --------------------------------------------------------

--
-- Table structure for table `service`
--

CREATE TABLE `service` (
  `service_id` int(11) NOT NULL,
  `service_offer` varchar(100) NOT NULL,
  `price` decimal(11,2) NOT NULL
) ENGINE=InnoDB DEFAULT CHARSET=latin1;

--
-- Dumping data for table `service`
--

INSERT INTO `service` (`service_id`, `service_offer`, `price`) VALUES
(1, 'Cleaning', '700.00'),
(3, 'Tooth Filling', '1500.00');

-- --------------------------------------------------------

--
-- Table structure for table `users`
--

CREATE TABLE `users` (
  `user_id` int(11) NOT NULL,
  `username` varchar(100) NOT NULL,
  `password` varchar(100) NOT NULL
) ENGINE=InnoDB DEFAULT CHARSET=latin1;

--
-- Dumping data for table `users`
--

INSERT INTO `users` (`user_id`, `username`, `password`) VALUES
(5, 'admin', 'admin');

--
-- Indexes for dumped tables
--

--
-- Indexes for table `dental_records`
--
ALTER TABLE `dental_records`
  ADD PRIMARY KEY (`dental_id`);

--
-- Indexes for table `members`
--
ALTER TABLE `members`
  ADD PRIMARY KEY (`member_id`);

--
-- Indexes for table `note`
--
ALTER TABLE `note`
  ADD PRIMARY KEY (`note_id`);

--
-- Indexes for table `schedule`
--
ALTER TABLE `schedule`
  ADD PRIMARY KEY (`id`);

--
-- Indexes for table `service`
--
ALTER TABLE `service`
  ADD PRIMARY KEY (`service_id`);

--
-- Indexes for table `users`
--
ALTER TABLE `users`
  ADD PRIMARY KEY (`user_id`);

--
-- AUTO_INCREMENT for dumped tables
--

--
-- AUTO_INCREMENT for table `members`
--
ALTER TABLE `members`
  MODIFY `member_id` int(11) NOT NULL AUTO_INCREMENT, AUTO_INCREMENT=13;

--
-- AUTO_INCREMENT for table `note`
--
ALTER TABLE `note`
  MODIFY `note_id` int(11) NOT NULL AUTO_INCREMENT, AUTO_INCREMENT=7;

--
-- AUTO_INCREMENT for table `schedule`
--
ALTER TABLE `schedule`
  MODIFY `id` int(11) NOT NULL AUTO_INCREMENT, AUTO_INCREMENT=98;

--
-- AUTO_INCREMENT for table `service`
--
ALTER TABLE `service`
  MODIFY `service_id` int(11) NOT NULL AUTO_INCREMENT, AUTO_INCREMENT=4;

--
-- AUTO_INCREMENT for table `users`
--
ALTER TABLE `users`
  MODIFY `user_id` int(11) NOT NULL AUTO_INCREMENT, AUTO_INCREMENT=11;
COMMIT;

/*!40101 SET CHARACTER_SET_CLIENT=@OLD_CHARACTER_SET_CLIENT */;
/*!40101 SET CHARACTER_SET_RESULTS=@OLD_CHARACTER_SET_RESULTS */;
/*!40101 SET COLLATION_CONNECTION=@OLD_COLLATION_CONNECTION */;
